store_id,store_name,city,country,store_type
STORE_000001,Mcdaniel-Harvey,Casebury,Korea,Offline
STORE_000002,Hancock Ltd,Perezfort,Lithuania,Offline
STORE_000003,Padilla-Paul,East Michelle,Portugal,Offline
STORE_000004,Ellis-Peterson,Port Kathleen,Latvia,Online
STORE_000005,"Rodriguez, Schneider and Curry",Katherineland,Cayman Islands,Online
STORE_000006,"Young, Duncan and Turner",West Thomas,Czech Republic,Online
STORE_000007,"Nelson, Rivera and Small",North Debrastad,Svalbard & Jan Mayen Islands,Offline
STORE_000008,Lane Inc,Kimfort,Heard Island and McDonald Islands,Offline
STORE_000009,Christian-Guerrero,Gardnermouth,Bermuda,Offline
STORE_000010,"Mendoza, Rogers and Johnson",Lake Kenneth,Costa Rica,Online
STORE_000011,James-Martin,West Alexanderview,Western Sahara,Offline
STORE_000012,"Evans, Dawson and Wells",North Julie,Kenya,Online
STORE_000013,"Watson, Mccormick and Anderson",South Carrie,San Marino,Offline
STORE_000014,Dean-Bowman,Owenton,Fiji,Offline
STORE_000015,Cook Group,Colemouth,Antarctica (the territory South of 60 deg S),Offline
STORE_000016,"Shaw, Smith and Bean",Port Williamland,Saint Vincent and the Grenadines,Offline
STORE_000017,"Smith, Jordan and Wise",Port Jennifer,Monaco,Offline
STORE_000018,"Campbell, Mosley and Underwood",Hooperborough,Hong Kong,Offline
STORE_000019,"Brown, Thomas and Rice",Jacobshaven,Brunei Darussalam,Online
STORE_000020,Bradford LLC,Rileyhaven,Senegal,Online
STORE_000021,Holden and Sons,South Joeport,Mexico,Offline
STORE_000022,Warren-Strickland,Walshville,Nigeria,Offline
STORE_000023,Garcia-Turner,Susanport,Philippines,Offline
STORE_000024,Yang Group,Lake Melissafurt,Angola,Online
STORE_000025,Roberts Ltd,North Christinaburgh,Comoros,Online
STORE_000026,"Browning, Baldwin and Mason",West Kevinview,British Virgin Islands,Offline
STORE_000027,"Johnson, Roth and Mays",Kingland,Belize,Offline
STORE_000028,Herrera-Mclaughlin,Josephfort,Nauru,Offline
STORE_000029,"Rocha, Schmitt and Thomas",Danielville,Uzbekistan,Online
STORE_000030,"Shannon, Hoffman and Fletcher",West Cynthia,Haiti,Offline
STORE_000031,Matthews Inc,Littleshire,French Guiana,Online
STORE_000032,"Martinez, Black and Lawrence",Harrismouth,Guinea,Offline
STORE_000033,"Hanson, Lynn and Martinez",New Paul,Jamaica,Offline
STORE_000034,Grant Group,Moorestad,Saudi Arabia,Offline
STORE_000035,Perez-Meza,East Scott,Kazakhstan,Offline
STORE_000036,Bennett-Rojas,Pattonshire,Mozambique,Offline
STORE_000037,Cole-Harrell,Port William,Serbia,Offline
STORE_000038,Wells Ltd,Jonesfurt,Christmas Island,Offline
STORE_000039,Gonzalez Ltd,Shannonborough,Saudi Arabia,Online
STORE_000040,"Fisher, Castro and Perkins",Roytown,Cameroon,Offline
STORE_000041,Smith Ltd,Boydtown,Dominican Republic,Offline
STORE_000042,"Ballard, Wolf and Blair",Lake Brittanyton,Fiji,Online
STORE_000043,Edwards Ltd,New Travis,Namibia,Offline
STORE_000044,Davis PLC,Christyburgh,Vanuatu,Offline
STORE_000045,"Cardenas, Ayala and Page",Lake Davidtown,Dominica,Offline
STORE_000046,Waters Ltd,North Bryanshire,Afghanistan,Offline
STORE_000047,"Martinez, Martinez and Washington",Reneeton,Namibia,Offline
STORE_000048,"Haley, Bradshaw and Shaw",West John,Bangladesh,Offline
STORE_000049,"Hernandez, Stewart and Cole",South Emily,Guernsey,Offline
STORE_000050,"Alexander, Stone and Olsen",Lake Aaronstad,Kyrgyz Republic,Online
STORE_000051,"Cochran, Decker and Gray",South Latoyabury,Malta,Offline
STORE_000052,Thompson Inc,New Carolfort,Mauritania,Offline
STORE_000053,Ayala-Gonzales,East Rebeccafort,Switzerland,Online
STORE_000054,"Phillips, Decker and Benitez",Edwardland,Wallis and Futuna,Offline
STORE_000055,"Gonzalez, Townsend and Jones",New Tracy,Reunion,Offline
STORE_000056,Johnson Ltd,East Christina,Turkmenistan,Offline
STORE_000057,Morris-Lynn,Lake Michaelbury,Mexico,Online
STORE_000058,Spence-Houston,Kathleenton,Cook Islands,Online
STORE_000059,Decker-Pacheco,Harrellchester,Central African Republic,Offline
STORE_000060,Brewer Inc,Port Iantown,Albania,Online
STORE_000061,Lynch Group,Port Deannaborough,Cyprus,Offline
STORE_000062,Wright-Fuentes,Thorntonbury,Togo,Online
STORE_000063,Houston Group,New John,Papua New Guinea,Offline
STORE_000064,"Bradley, Bell and Brown",West Juanfort,Sierra Leone,Online
STORE_000065,Ward-Gray,East Karen,Bolivia,Online
STORE_000066,Snyder-Hansen,West Patrick,Liberia,Online
STORE_000067,Holt Group,Alexaview,Argentina,Offline
STORE_000068,"Boyd, Gonzalez and Simpson",Port Theresaside,Brunei Darussalam,Offline
STORE_000069,Wong-Guerra,Walkertown,Sri Lanka,Offline
STORE_000070,"Barron, Stanley and Pope",Dianatown,Mexico,Online
STORE_000071,"Kelley, Cunningham and Smith",Parkerfort,Peru,Offline
STORE_000072,"Taylor, Mcdonald and Perez",East Melissamouth,Congo,Online
STORE_000073,Montes Group,Christopherbury,Haiti,Online
STORE_000074,Simpson-Melendez,West Heather,Cuba,Online
STORE_000075,Curtis-Rubio,New Lorraine,Brazil,Offline
STORE_000076,Walker Inc,Scottstad,San Marino,Offline
STORE_000077,Russell PLC,East Timothyside,Guyana,Online
STORE_000078,"Cain, Morrow and Jones",Bennettberg,Italy,Offline
STORE_000079,Davis-Arnold,South Michealfurt,Libyan Arab Jamahiriya,Offline
STORE_000080,Patel-Mullins,East Christophermouth,Isle of Man,Offline
STORE_000081,Reese Ltd,Patrickberg,Belgium,Online
STORE_000082,"Sanchez, Lawson and Meyer",North Jesus,Saint Helena,Online
STORE_000083,"Thompson, Vazquez and Wright",South Kenneth,Papua New Guinea,Offline
STORE_000084,"Morris, Norton and Espinoza",Parkerborough,United Arab Emirates,Offline
STORE_000085,Mathis Group,North Kimberlychester,Latvia,Offline
STORE_000086,Lee-Navarro,West Clintontown,Cameroon,Offline
STORE_000087,"Garcia, Hart and Lynn",Erictown,Mauritius,Online
STORE_000088,"Kelley, Tanner and Hodges",North Brianbury,French Guiana,Offline
STORE_000089,"Lee, Crawford and May",New Jennifer,Greenland,Offline
STORE_000090,Johnson-Ford,Martinborough,Belgium,Offline
STORE_000091,Greene Inc,Cindyville,Faroe Islands,Offline
STORE_000092,Willis-Jimenez,Cruztown,Kuwait,Online
STORE_000093,"Oconnor, Barry and Jones",Megantown,Madagascar,Online
STORE_000094,"Peterson, Garcia and Strong",Millerland,Timor-Leste,Online
STORE_000095,"Taylor, Melendez and Sanders",New Deborahberg,Yemen,Offline
STORE_000096,"Moore, Smith and Lopez",North Jennifer,Portugal,Online
STORE_000097,Moreno Group,Morganmouth,Seychelles,Offline
STORE_000098,"Richardson, Burns and Todd",West Randyfurt,Faroe Islands,Online
STORE_000099,Rogers-Graham,West Kathrynland,Nauru,Offline
STORE_000100,Smith Ltd,South Christopher,Zambia,Offline
STORE_000101,Camacho Group,Zoeville,Nicaragua,Offline
STORE_000102,"Coleman, Howard and Carr",Lake Marymouth,San Marino,Offline
STORE_000103,"Taylor, Johnson and Barrera",Port David,Guinea-Bissau,Offline
STORE_000104,Stein and Sons,North Rebecca,Serbia,Offline
STORE_000105,Davis Group,Paulbury,Falkland Islands (Malvinas),Offline
STORE_000106,"Smith, Rivers and Mann",Taylortown,Indonesia,Offline
STORE_000107,Wood-Ayala,South Lauren,Hungary,Online
STORE_000108,Bird LLC,East Crystalport,Grenada,Offline
STORE_000109,"Vega, Gonzalez and Crawford",Lake Ericside,Portugal,Online
STORE_000110,"Fischer, Jones and Murphy",East Michael,Ghana,Offline
STORE_000111,Tyler-Meyers,New Stacey,Guam,Offline
STORE_000112,Pearson LLC,North Jennifermouth,Congo,Offline
STORE_000113,"Wright, Edwards and Kidd",Jefferyborough,Turkmenistan,Offline
STORE_000114,"Crawford, Carr and Cook",New Craigfurt,United States Minor Outlying Islands,Offline
STORE_000115,Wood-Owens,North Michaelland,Canada,Online
STORE_000116,"Stephens, Harris and Martinez",Williamsland,Romania,Offline
STORE_000117,Johnson LLC,South Kathleenberg,Christmas Island,Offline
STORE_000118,Andrews-Lewis,Jamesside,Mongolia,Online
STORE_000119,"Caldwell, Hansen and Mcguire",Port Christopher,Malta,Online
STORE_000120,Williams PLC,Garciamouth,Saudi Arabia,Offline
STORE_000121,Young-Bridges,Coryside,Bolivia,Offline
STORE_000122,"Lynn, Williamson and Ashley",West Davidshire,Norway,Online
STORE_000123,Campbell Inc,Javierborough,Norfolk Island,Online
STORE_000124,Stevens-Suarez,Parkermouth,Equatorial Guinea,Online
STORE_000125,Meyer-Orozco,Mitchellside,Belarus,Offline
STORE_000126,Evans Inc,New Karenview,Sudan,Online
STORE_000127,Graham-Navarro,Walkermouth,Belarus,Offline
STORE_000128,Moore-Carey,North Joseph,Christmas Island,Offline
STORE_000129,"Nichols, Mills and Hughes",Sierraton,Northern Mariana Islands,Offline
STORE_000130,Bailey LLC,Amyside,British Indian Ocean Territory (Chagos Archipelago),Offline
STORE_000131,Powell LLC,Port William,Dominica,Online
STORE_000132,Clarke and Sons,Timothymouth,Mayotte,Offline
STORE_000133,"Ramirez, Brooks and Miller",South Megan,Albania,Offline
STORE_000134,Jacobs-Watkins,West Josephton,Madagascar,Online
STORE_000135,Cameron-Lee,Abigailport,Vanuatu,Offline
STORE_000136,Brooks-Jones,South Markton,Niue,Online
STORE_000137,"Garrison, Booth and Flynn",East Michael,Pitcairn Islands,Offline
STORE_000138,Stevens and Sons,South Ryan,Honduras,Online
STORE_000139,Pearson Inc,North Miranda,Poland,Offline
STORE_000140,"Moreno, Jackson and Martin",Wolfeton,Suriname,Online
STORE_000141,Carroll Inc,Lowestad,Northern Mariana Islands,Offline
STORE_000142,Petty-Perkins,Rodneyport,Lithuania,Online
STORE_000143,Hunter-Cook,Andersonside,French Guiana,Offline
STORE_000144,Young-Spencer,Sherriton,Venezuela,Offline
STORE_000145,Shaw-Young,Nicholeburgh,Liechtenstein,Online
STORE_000146,"Greer, Lopez and Randall",Toddborough,Czech Republic,Online
STORE_000147,Moore-Davis,North Terrifurt,South Georgia and the South Sandwich Islands,Offline
STORE_000148,"Johnson, Olson and Sanchez",Mcdanielside,Timor-Leste,Offline
STORE_000149,"Welch, Owen and Hall",Stephentown,Saint Martin,Offline
STORE_000150,Snyder LLC,Harrisville,Norway,Offline
STORE_000151,Wolf-Martin,Lake Donaldfurt,Tuvalu,Offline
STORE_000152,Martinez and Sons,Noahstad,United Kingdom,Online
STORE_000153,White-Garcia,New Kennethton,Kiribati,Offline
STORE_000154,Werner and Sons,New Steven,Cuba,Offline
STORE_000155,"Chase, Stewart and Yates",East Daniel,Antigua and Barbuda,Offline
STORE_000156,Montgomery PLC,Anthonyville,Antarctica (the territory South of 60 deg S),Online
STORE_000157,"Dixon, Johnson and Moore",Lake Daniel,Cuba,Offline
STORE_000158,"Andrews, White and Lewis",Sarahfurt,Guadeloupe,Offline
STORE_000159,"Taylor, Schneider and Velazquez",New Ethan,Chile,Offline
STORE_000160,Cruz Ltd,Jacksonbury,Puerto Rico,Online
STORE_000161,"Reynolds, Simmons and Thompson",North Alexander,Mongolia,Offline
STORE_000162,Douglas-Osborne,West Beth,Tajikistan,Offline
STORE_000163,"Smith, Bowman and Rice",East Annmouth,Thailand,Offline
STORE_000164,"West, Davis and Livingston",South Dillon,Nigeria,Offline
STORE_000165,"Porter, Vega and Cardenas",Kimberlyville,Montenegro,Online
STORE_000166,"Brennan, Rhodes and Miller",Kelleyside,Thailand,Offline
STORE_000167,"Velasquez, Watkins and Randolph",West Mark,Qatar,Offline
STORE_000168,"Jimenez, Mann and Davis",Lake Kevin,Cambodia,Online
STORE_000169,Montoya-Doyle,Kirstenville,Cocos (Keeling) Islands,Online
STORE_000170,"Phelps, Smith and Gamble",Murrayton,Luxembourg,Offline
STORE_000171,"Cox, Cherry and James",Port Karahaven,South Africa,Online
STORE_000172,"Tanner, Kim and Jones",Joseville,Hong Kong,Offline
STORE_000173,"Mitchell, Gibson and Clark",Freemantown,Egypt,Offline
STORE_000174,Russo-Orozco,Moralesfurt,Nauru,Online
STORE_000175,"Rangel, Garrett and Torres",West Robin,Bahamas,Online
STORE_000176,Grimes LLC,Loriberg,Venezuela,Offline
STORE_000177,Taylor-Davis,North Jane,Vanuatu,Online
STORE_000178,Marquez-Hernandez,New Jeffrey,Comoros,Online
STORE_000179,Martin PLC,Lake Alyssa,Iraq,Online
STORE_000180,"Griffin, Sosa and Perez",West Shawn,Haiti,Offline
STORE_000181,"Brown, Gomez and Warren",East Daniel,Papua New Guinea,Offline
STORE_000182,Bryant LLC,South John,Heard Island and McDonald Islands,Online
STORE_000183,Phillips-Ward,Port Erica,French Southern Territories,Offline
STORE_000184,Long and Sons,New Mathew,Honduras,Online
STORE_000185,"Cunningham, Garcia and Roberts",Daniellehaven,Argentina,Online
STORE_000186,Middleton LLC,Bradleychester,Guinea,Offline
STORE_000187,"Salazar, Williams and Solomon",East Jason,Latvia,Offline
STORE_000188,Little Inc,Davidfort,Estonia,Offline
STORE_000189,Clayton-Hamilton,Harrisburgh,United States of America,Online
STORE_000190,"Rivera, Boyd and Cowan",East Douglas,Gibraltar,Online
STORE_000191,Horn LLC,Johnsonfurt,Bulgaria,Online
STORE_000192,"Curry, Jones and Aguilar",New Jonathan,Turkey,Offline
STORE_000193,Stevens-Matthews,Hollandchester,Equatorial Guinea,Offline
STORE_000194,Curtis-Lane,Mcintyremouth,Reunion,Offline
STORE_000195,Choi-Fischer,Vincentland,Israel,Online
STORE_000196,Roman-Nelson,South Jameston,Afghanistan,Online
STORE_000197,Wolf-Luna,Blackbury,Switzerland,Offline
STORE_000198,Thompson-Harris,Travistown,Turks and Caicos Islands,Offline
STORE_000199,Smith-Meyer,Michaelville,Macao,Offline
STORE_000200,"Alvarado, Collins and White",Lake Matthew,Togo,Offline
STORE_000201,Foster Inc,West Amber,Tokelau,Offline
STORE_000202,White Inc,Jamieville,Central African Republic,Online
STORE_000203,Brown-Sanchez,New Megan,Bolivia,Offline
STORE_000204,"Barker, Beard and Moreno",Charlenefurt,Niue,Offline
STORE_000205,Welch-May,Buchananshire,Christmas Island,Offline
STORE_000206,Bauer-Clark,Bensonbury,Gabon,Offline
STORE_000207,Douglas-Cain,Lake Joshuaport,San Marino,Offline
STORE_000208,"Garrett, Fernandez and Hall",Porterberg,Korea,Online
STORE_000209,Pacheco LLC,Elainemouth,Guatemala,Offline
STORE_000210,"Hoffman, Brown and Johnson",Nicolechester,South Georgia and the South Sandwich Islands,Online
STORE_000211,"Perez, Thompson and Peters",West Scottchester,Martinique,Online
STORE_000212,Mcbride-Gutierrez,Christineborough,Haiti,Offline
STORE_000213,Lee and Sons,New Julieton,Qatar,Online
STORE_000214,"Hawkins, Randolph and Lee",Lake Marioside,Lesotho,Offline
STORE_000215,Rodriguez Group,Teresamouth,Tokelau,Offline
STORE_000216,Ellison-Spencer,Avilaside,Isle of Man,Offline
STORE_000217,"Robertson, Rios and Jackson",Johnsonport,Bosnia and Herzegovina,Offline
STORE_000218,Hill-Lopez,East Ebonyshire,Somalia,Online
STORE_000219,Young Group,New Michael,Brazil,Online
STORE_000220,Contreras-Armstrong,Harmonshire,Turkmenistan,Online
STORE_000221,Hoffman Ltd,Lisamouth,United States Virgin Islands,Offline
STORE_000222,Bell-Lawrence,Port Christophermouth,Bahamas,Offline
STORE_000223,Fuller and Sons,North Lindseyville,Colombia,Offline
STORE_000224,"Morrison, Lopez and Shelton",Burnsmouth,Singapore,Online
STORE_000225,Compton Group,Marybury,Barbados,Online
STORE_000226,Fuller Inc,Jasonland,Kiribati,Offline
STORE_000227,"Moore, White and Ruiz",North Shannonberg,Luxembourg,Offline
STORE_000228,Harris-Tucker,North Dustin,Philippines,Online
STORE_000229,"Vincent, Burton and Williams",New Danielland,Namibia,Offline
STORE_000230,"Stephens, Hill and Keith",North Ericstad,Finland,Offline
STORE_000231,"Walker, Lynch and Martin",New Jennifer,Svalbard & Jan Mayen Islands,Offline
STORE_000232,"Singleton, Freeman and Long",Alfredville,Solomon Islands,Online
STORE_000233,Young Inc,South Kaitlynview,Lesotho,Offline
STORE_000234,Finley-Anderson,Jacksonberg,Luxembourg,Offline
STORE_000235,Smith-Dickson,Port Maria,Canada,Offline
STORE_000236,"Gutierrez, Griffin and Booker",West Ericfurt,Djibouti,Offline
STORE_000237,Green-Smith,New Gerald,Malta,Offline
STORE_000238,Carson-Kelly,Carolborough,Guatemala,Online
STORE_000239,Robinson-Hall,North Steven,Taiwan,Online
STORE_000240,"Moore, Alvarez and Gentry",Vegaview,Montenegro,Offline
STORE_000241,"Murray, Hoffman and Henry",Ronaldmouth,Falkland Islands (Malvinas),Offline
STORE_000242,Norman Ltd,North Tammy,Tanzania,Offline
STORE_000243,Williams-Young,Stevenfurt,Congo,Offline
STORE_000244,Mccoy Ltd,Lake Stanley,Norway,Offline
STORE_000245,Valdez PLC,New Gloriafort,British Virgin Islands,Online
STORE_000246,Burgess-Flores,Diazview,Angola,Online
STORE_000247,"Burnett, Nichols and Farrell",Lake Cindychester,Seychelles,Online
STORE_000248,Villanueva Group,Wheelermouth,Marshall Islands,Offline
STORE_000249,Harris Ltd,Lake Nicolechester,Cote d'Ivoire,Offline
STORE_000250,Robertson-Gray,New Patrick,Saudi Arabia,Offline
STORE_000251,Smith PLC,Cherylshire,Bahamas,Online
STORE_000252,"Stewart, Thomas and Moreno",Andrewfort,Senegal,Offline
STORE_000253,King-Moore,East Davidmouth,British Indian Ocean Territory (Chagos Archipelago),Offline
STORE_000254,Cooper LLC,Lake Josephberg,Romania,Offline
STORE_000255,Gilbert and Sons,Navarromouth,Antarctica (the territory South of 60 deg S),Offline
STORE_000256,Carpenter-Chapman,New Monica,Pakistan,Offline
STORE_000257,Jordan-Baxter,Leechester,Turks and Caicos Islands,Online
STORE_000258,"Adams, Bradley and James",Rojasfort,Heard Island and McDonald Islands,Online
STORE_000259,"Carroll, Armstrong and Caldwell",Edwardsstad,Falkland Islands (Malvinas),Offline
STORE_000260,"White, Smith and Garcia",Meghanmouth,Kiribati,Offline
STORE_000261,Miranda LLC,Joyshire,Guyana,Offline
STORE_000262,Mccarthy PLC,Port Cindyville,Turkey,Online
STORE_000263,Scott-Kaufman,New Carol,Azerbaijan,Offline
STORE_000264,"Phillips, Jones and Tucker",North Sheilatown,Bosnia and Herzegovina,Offline
STORE_000265,Cherry Group,West Melissa,Lebanon,Offline
STORE_000266,Nguyen Inc,North Elizabeth,Uzbekistan,Offline
STORE_000267,"Nichols, Allen and Silva",South Kristenburgh,Macao,Offline
STORE_000268,"Ramirez, Hansen and Cabrera",Bentonhaven,Peru,Offline
STORE_000269,Rice-Villarreal,West Christopher,Trinidad and Tobago,Offline
STORE_000270,Scott Group,North Annetteport,Sierra Leone,Offline
STORE_000271,Hawkins-Warren,Dianaport,Bulgaria,Offline
STORE_000272,Jackson-Norris,Vanessamouth,Slovenia,Offline
STORE_000273,Ruiz Ltd,Christopherport,Guinea-Bissau,Offline
STORE_000274,Cline-Tucker,West Aaron,Ethiopia,Online
STORE_000275,Martin-Craig,Natalieland,Gambia,Online
STORE_000276,Fisher-Stewart,Annborough,Anguilla,Offline
STORE_000277,Brown-Berry,West Sandramouth,Albania,Offline
STORE_000278,Richardson PLC,North Georgefurt,Aruba,Online
STORE_000279,"Hodge, Jacobs and French",North Jason,Mauritius,Online
STORE_000280,Parrish-Finley,Ashleyfurt,Bosnia and Herzegovina,Offline
STORE_000281,Gomez Ltd,East Juliafort,Italy,Offline
STORE_000282,James Inc,Gallowayville,Timor-Leste,Online
STORE_000283,Ramos-Rivera,Stephensport,Uzbekistan,Offline
STORE_000284,James-Camacho,Lake Randallbury,French Guiana,Offline
STORE_000285,"Henson, Hayes and Tran",Lake Kimberlybury,Indonesia,Online
STORE_000286,Logan-Clark,East Kimberly,Hong Kong,Online
STORE_000287,Burnett-Hall,Jessicahaven,Japan,Offline
STORE_000288,"Waters, Holden and Robinson",Kevinchester,Guadeloupe,Offline
STORE_000289,Mccoy-Wolfe,South David,Australia,Offline
STORE_000290,Crosby and Sons,Hillchester,Northern Mariana Islands,Offline
STORE_000291,Villanueva and Sons,West Michellefort,Peru,Offline
STORE_000292,"Blackwell, Stewart and Hughes",East Kimberlyshire,Cyprus,Online
STORE_000293,Fox PLC,Donaldland,Madagascar,Online
STORE_000294,Hernandez Inc,East Jennaborough,Tuvalu,Online
STORE_000295,"Nguyen, Lowe and Perez",Bartonburgh,Bouvet Island (Bouvetoya),Offline
STORE_000296,Brewer LLC,Jennaberg,Liechtenstein,Offline
STORE_000297,Mckee-Griffin,Lake Josephshire,Afghanistan,Online
STORE_000298,Olson and Sons,North Cheyennetown,Montserrat,Offline
STORE_000299,Russell-Sutton,North Ryantown,North Macedonia,Offline
STORE_000300,"Vasquez, Elliott and Rivera",Fieldsberg,Papua New Guinea,Online
STORE_000301,"Figueroa, Dunn and Russell",West James,French Guiana,Online
STORE_000302,"Salas, Adkins and Williams",Kaylafort,Saint Helena,Online
STORE_000303,"Sexton, Lee and Schneider",Josephchester,Armenia,Online
STORE_000304,Russell Group,Hillstad,Mongolia,Offline
STORE_000305,Burns Inc,Monicamouth,Haiti,Online
STORE_000306,"Smith, Everett and Lyons",Calvintown,Croatia,Online
STORE_000307,Rose and Sons,Kyleton,Austria,Offline
STORE_000308,"Perez, Taylor and Arellano",East Rachelhaven,Netherlands,Offline
STORE_000309,Sanchez-Hernandez,West William,United Kingdom,Offline
STORE_000310,"Gonzales, Green and Franklin",South Ronald,Czech Republic,Online
STORE_000311,"Howell, Rogers and Barron",South Robert,Austria,Offline
STORE_000312,Roberts Ltd,Lake Ashleyside,El Salvador,Offline
STORE_000313,White-Holland,Lake Kelsey,South Georgia and the South Sandwich Islands,Offline
STORE_000314,Williams Group,Port Dustintown,Equatorial Guinea,Offline
STORE_000315,Hester PLC,Ginabury,Mozambique,Offline
STORE_000316,Williams PLC,Contrerasmouth,Netherlands Antilles,Offline
STORE_000317,Gonzalez LLC,Cochranchester,Japan,Offline
STORE_000318,Green Inc,Wallacechester,Belize,Online
STORE_000319,Olson-Robinson,West Thomasville,Lesotho,Online
STORE_000320,"Lawson, Sanchez and Hensley",New Timothy,Qatar,Offline
STORE_000321,Pollard-Porter,New Stephanie,Belgium,Offline
STORE_000322,Gardner PLC,South Tiffanyland,Malta,Online
STORE_000323,Hodges LLC,North Cheryl,Japan,Offline
STORE_000324,"Chang, Norman and Marsh",Anneton,Antigua and Barbuda,Offline
STORE_000325,"Cook, Jenkins and Harrington",Wilsonmouth,Vanuatu,Offline
STORE_000326,"Davis, Watson and Nguyen",Torresburgh,Timor-Leste,Online
STORE_000327,Frank and Sons,South Cassandra,Guinea-Bissau,Offline
STORE_000328,Wright Ltd,New Rebecca,Palestinian Territory,Online
STORE_000329,"Griffith, Ramos and Golden",North Christopherton,Austria,Offline
STORE_000330,Cardenas-Bridges,Mitchellton,Christmas Island,Offline
STORE_000331,"Watts, Dunlap and Smith",Chenfort,Malta,Online
STORE_000332,"Sanford, Andrews and White",Sandraberg,Cape Verde,Offline
STORE_000333,Rogers Ltd,Port Erica,Andorra,Online
STORE_000334,"Ramirez, Phelps and Gordon",Lake Mitchellshire,Congo,Offline
STORE_000335,"Hart, Little and Booth",Careyshire,Kuwait,Online
STORE_000336,Kane-Hicks,Sarahhaven,Nepal,Offline
STORE_000337,Kelley PLC,Morrisland,Mongolia,Offline
STORE_000338,Mann-Foster,South Justinhaven,Slovakia (Slovak Republic),Online
STORE_000339,Pacheco-Leonard,Petersonport,Holy See (Vatican City State),Offline
STORE_000340,Thomas-Stone,Danieltown,Latvia,Offline
STORE_000341,"Mckinney, Harper and Banks",Port Jamesberg,Bolivia,Offline
STORE_000342,"Garcia, Allen and Price",Mitchellhaven,Hungary,Offline
STORE_000343,"Coleman, Mcclure and Mays",Samuelfort,Tuvalu,Offline
STORE_000344,Baker-Roberts,East Christopher,Israel,Online
STORE_000345,Summers PLC,Sarahmouth,Taiwan,Online
STORE_000346,Lopez-Lopez,New Jenna,Botswana,Offline
STORE_000347,Summers and Sons,Burkefort,Turkmenistan,Offline
STORE_000348,Ellison PLC,Port Ashleyfort,South Africa,Online
STORE_000349,"Leonard, Johnson and Reynolds",Stephenport,Argentina,Online
STORE_000350,"Yoder, Holder and Perez",New Samanthahaven,Jersey,Offline
STORE_000351,"Gomez, Taylor and Beck",South Veronicamouth,Rwanda,Offline
STORE_000352,"Patterson, Martin and Phillips",Jenningsview,Switzerland,Offline
STORE_000353,"Reyes, Cervantes and Gonzalez",North Robert,Romania,Online
STORE_000354,Jensen-Harris,Nicholasshire,Burkina Faso,Offline
STORE_000355,"Castaneda, Johnson and Nichols",Mooreside,Gibraltar,Online
STORE_000356,"Quinn, Gallegos and Dickerson",North Juliehaven,Cote d'Ivoire,Online
STORE_000357,Romero-Roberts,Deniseberg,Italy,Online
STORE_000358,Reeves-Hawkins,Leehaven,Anguilla,Online
STORE_000359,"Johnson, Dyer and Thomas",Danielsland,Monaco,Online
STORE_000360,Beasley-Cooper,West Robertton,Malta,Offline
STORE_000361,Ellis Inc,West Michaelport,Ukraine,Offline
STORE_000362,Lynch PLC,Biancamouth,Suriname,Online
STORE_000363,Hernandez-Molina,West Robinburgh,Somalia,Online
STORE_000364,"Osborne, Rodriguez and Brooks",Laurenborough,Nicaragua,Online
STORE_000365,Chambers-Le,Victoriachester,Greenland,Offline
STORE_000366,Collins Ltd,Edwardstown,Tajikistan,Offline
STORE_000367,Alexander PLC,Calebfort,Slovenia,Offline
STORE_000368,Marquez Ltd,Evansberg,Congo,Offline
STORE_000369,Parsons Group,New Ashley,Guadeloupe,Online
STORE_000370,Wilson Group,North Ana,Micronesia,Offline
STORE_000371,"Carter, Hernandez and Nelson",Keithberg,Portugal,Offline
STORE_000372,Armstrong-Torres,Port Debramouth,Maldives,Offline
STORE_000373,Liu-Good,East Deanport,Lesotho,Offline
STORE_000374,"Jones, Davidson and Wood",Danielleview,Kiribati,Online
STORE_000375,Oneal-Velez,Ericport,Christmas Island,Offline
STORE_000376,Miller-Duran,South Christopherton,American Samoa,Offline
STORE_000377,"Nichols, Lucas and Jacobs",Fraziertown,United Kingdom,Online
STORE_000378,Rivera LLC,East Joseph,Saint Helena,Online
STORE_000379,Smith Ltd,Lauraland,Svalbard & Jan Mayen Islands,Offline
STORE_000380,Mcdowell Group,Davischester,Ireland,Offline
STORE_000381,Berg-Mckenzie,Williamsview,Somalia,Offline
STORE_000382,Humphrey-Underwood,Port Travis,Seychelles,Offline
STORE_000383,"Martin, Conley and Walter",Jennifertown,Macao,Online
STORE_000384,Brooks Group,North Jeffreyville,Lesotho,Offline
STORE_000385,Zuniga-Atkins,Amandamouth,Netherlands Antilles,Offline
STORE_000386,Torres-Cunningham,Port Lawrence,Chile,Online
STORE_000387,Rangel Group,Clarkside,Saint Barthelemy,Offline
STORE_000388,Kline Group,Murillobury,Guatemala,Online
STORE_000389,Flowers Ltd,Alyssaberg,Sao Tome and Principe,Offline
STORE_000390,"Miller, Krueger and Lopez",Gregorytown,Togo,Offline
STORE_000391,Garza and Sons,Reedbury,Namibia,Offline
STORE_000392,Dominguez Ltd,Figueroamouth,Christmas Island,Online
STORE_000393,Greer-Walker,South Alec,Armenia,Offline
STORE_000394,Phillips Inc,Lake Spencer,Oman,Online
STORE_000395,Beck and Sons,Lake Heather,Tokelau,Offline
STORE_000396,Mathews Group,Lake Mariehaven,Qatar,Offline
STORE_000397,"Coleman, Harrison and Noble",West Donnaville,South Georgia and the South Sandwich Islands,Online
STORE_000398,"Lucas, Manning and Davis",Lake Gailstad,Cook Islands,Offline
STORE_000399,"Gomez, Hendricks and Khan",South Alexanderbury,Bermuda,Online
STORE_000400,Strong LLC,Matthewmouth,Samoa,Online
STORE_000401,Holland LLC,Christopherton,Panama,Online
STORE_000402,Cole-Vega,Nicholasville,Iceland,Offline
STORE_000403,"Walters, Smith and Ward",Mikeborough,Georgia,Online
STORE_000404,Schneider-Huang,New Nancymouth,Grenada,Online
STORE_000405,Bond Ltd,Weaverview,Swaziland,Online
STORE_000406,"Davidson, Smith and Pacheco",Nelsonstad,India,Online
STORE_000407,Hudson Inc,Beltranstad,Libyan Arab Jamahiriya,Online
STORE_000408,Horne Ltd,East Tonya,Japan,Offline
STORE_000409,Perry-Hart,Cheyenneburgh,Korea,Offline
STORE_000410,"Morris, Walls and Walker",Luisport,Mexico,Offline
STORE_000411,"Hicks, Smith and Boyd",North Reneefurt,Hungary,Online
STORE_000412,Mcknight-Lopez,West Amanda,New Caledonia,Online
STORE_000413,Sullivan-English,Lorettaberg,Saint Barthelemy,Offline
STORE_000414,Hodge-Silva,East Michelle,Canada,Offline
STORE_000415,Burton LLC,New Shaneville,Venezuela,Online
STORE_000416,Thomas-Mcgee,Elizabethshire,Malaysia,Online
STORE_000417,Williams Group,Johnsonmouth,Pitcairn Islands,Offline
STORE_000418,Olson-Callahan,West Maryville,Cayman Islands,Offline
STORE_000419,"Johnson, Hanson and Carson",Victoriastad,Lebanon,Offline
STORE_000420,Gomez Ltd,Hotown,Northern Mariana Islands,Offline
STORE_000421,"Jones, Foster and Brown",New Paulview,Christmas Island,Online
STORE_000422,"Wilson, Clark and Shelton",West Rachaelbury,South Africa,Offline
STORE_000423,Clark-Harrison,Lake Kevinberg,Grenada,Offline
STORE_000424,"Moore, Mora and Griffin",Bowersside,Suriname,Offline
STORE_000425,Berry PLC,South Nancy,Lao People's Democratic Republic,Online
STORE_000426,"Johnson, Conley and Jenkins",East Geoffreytown,Saint Vincent and the Grenadines,Online
STORE_000427,Santiago-Fisher,Santiagoland,United Kingdom,Offline
STORE_000428,Ward Ltd,Lake Juliebury,Uruguay,Offline
STORE_000429,"David, Sanchez and Bonilla",Watkinsville,Thailand,Online
STORE_000430,Sims Inc,Edwardsstad,Malaysia,Offline
STORE_000431,Carson and Sons,West Debra,Tajikistan,Offline
STORE_000432,"Buchanan, Weeks and Carpenter",Lake Paul,Saudi Arabia,Online
STORE_000433,"Phillips, Perry and Murphy",New Matthew,British Indian Ocean Territory (Chagos Archipelago),Online
STORE_000434,Mcknight-Hamilton,Andreaburgh,Namibia,Offline
STORE_000435,"Moore, Russell and Greene",Kellyfurt,Somalia,Online
STORE_000436,Sanchez-Pierce,South Sara,Liberia,Offline
STORE_000437,Wood and Sons,North Seantown,Zambia,Offline
STORE_000438,Weber Ltd,Lake Danielleport,Tonga,Offline
STORE_000439,Howard Inc,Lake Thomas,Sierra Leone,Offline
STORE_000440,"Brown, Hernandez and Edwards",Pattersonstad,Netherlands,Offline
STORE_000441,"Hammond, Harmon and Atkins",Ryanland,Antigua and Barbuda,Offline
STORE_000442,Richardson-Williams,Jasonfurt,Estonia,Offline
STORE_000443,"Romero, Ortiz and Bell",West Morgan,Northern Mariana Islands,Online
STORE_000444,Kennedy-Butler,North Markfort,Uruguay,Offline
STORE_000445,"Davis, Taylor and Aguilar",Norrismouth,Costa Rica,Online
STORE_000446,Combs and Sons,West Jacob,Guyana,Offline
STORE_000447,"Parker, Lane and Wang",West Shaneburgh,Bangladesh,Online
STORE_000448,Alexander-Braun,West Shawn,Zimbabwe,Offline
STORE_000449,Hodges-Morgan,Carlsonchester,Czech Republic,Offline
STORE_000450,Holmes and Sons,Loriview,Sudan,Online
STORE_000451,Hall LLC,Dianeton,Rwanda,Offline
STORE_000452,Ellis-Logan,Davenportstad,Korea,Offline
STORE_000453,"Gonzales, Cummings and Howell",New Adam,Saint Vincent and the Grenadines,Offline
STORE_000454,Dillon-Bender,West Michaelmouth,Italy,Offline
STORE_000455,Holt and Sons,Dariusfort,Oman,Online
STORE_000456,Andrews-Greene,Port Jennifer,Congo,Online
STORE_000457,"Russell, Park and Doyle",Nicolefurt,Netherlands Antilles,Offline
STORE_000458,Garrison PLC,Timothychester,Lithuania,Online
STORE_000459,Shaw-Gutierrez,South Shaun,Oman,Online
STORE_000460,"Guzman, Le and Adams",Levineville,Georgia,Offline
STORE_000461,"Bautista, Schwartz and Schultz",Thomasshire,Montenegro,Offline
STORE_000462,Cunningham LLC,Lopezberg,Pitcairn Islands,Offline
STORE_000463,"Parks, Cantu and Diaz",Lake Lauratown,Senegal,Offline
STORE_000464,Lara-Diaz,South Richard,Paraguay,Offline
STORE_000465,"Miller, Sparks and Bryant",Snyderborough,Palestinian Territory,Offline
STORE_000466,Taylor Ltd,Johnchester,Malawi,Offline
STORE_000467,Dorsey Ltd,Gatesport,Brunei Darussalam,Offline
STORE_000468,Schroeder Ltd,Danielfurt,Malawi,Offline
STORE_000469,Crane-Morse,Nelsonburgh,Gabon,Offline
STORE_000470,Spencer Inc,Sweeneyfort,Hong Kong,Offline
STORE_000471,"Wood, Bates and Bolton",West Emilyton,Solomon Islands,Offline
STORE_000472,Mcmahon-Wilson,Merrittmouth,Palestinian Territory,Offline
STORE_000473,Richards-Carney,Port Jeremymouth,Mali,Online
STORE_000474,Hill and Sons,Lake Phyllis,Congo,Offline
STORE_000475,Garcia and Sons,Lake Benjaminhaven,Malta,Online
STORE_000476,Kramer Group,New Brian,British Virgin Islands,Offline
STORE_000477,Pearson-Miller,Port Kevinfurt,Benin,Online
STORE_000478,"Edwards, Wright and Irwin",Williestad,Micronesia,Offline
STORE_000479,Schultz-Lynch,New Elizabeth,Mexico,Offline
STORE_000480,"Garcia, Parker and Clements",Lake Victoriaberg,Isle of Man,Online
STORE_000481,Brennan Group,New Jonathanstad,Iraq,Offline
STORE_000482,"Murillo, Williams and Sharp",Port Tinaburgh,Eritrea,Offline
STORE_000483,"Walker, Green and Oliver",Port Shane,Tajikistan,Offline
STORE_000484,Anderson-Bradley,New Austinbury,Bulgaria,Offline
STORE_000485,Wright-Morris,East Kenneth,Tonga,Offline
STORE_000486,Lopez-Marshall,South Joanne,Gambia,Online
STORE_000487,Prince-Mullins,Lake Zachary,Jordan,Online
STORE_000488,"Taylor, Tucker and Cortez",Roweville,Netherlands,Offline
STORE_000489,"Chase, Livingston and Gray",South Michelleside,Guam,Offline
STORE_000490,"Robbins, Moore and Morales",Michellestad,San Marino,Online
STORE_000491,"Ward, Stewart and Bryant",Jacobborough,Rwanda,Offline
STORE_000492,"Sheppard, Suarez and Jimenez",Martinhaven,El Salvador,Online
STORE_000493,Elliott-Morrow,Contrerasbury,Benin,Online
STORE_000494,Chapman and Sons,West Sara,Saint Pierre and Miquelon,Offline
STORE_000495,"Bush, Lynn and Williams",Campbellmouth,Germany,Online
STORE_000496,"Glass, Soto and Adams",Perkinsborough,Pitcairn Islands,Offline
STORE_000497,"Ramsey, Alvarado and Medina",Brianberg,Fiji,Online
STORE_000498,Reyes-Taylor,Kathleenmouth,Croatia,Online
STORE_000499,"Wilson, Thompson and Fitzgerald",North Jimmy,Comoros,Offline
STORE_000500,Watson-Martin,New Susanport,Haiti,Offline
STORE_000501,Lewis Ltd,Lake Heather,Thailand,Online
STORE_000502,Graves-Park,North Thomas,Benin,Online
STORE_000503,"Burke, Lewis and Smith",Garrettbury,Colombia,Online
STORE_000504,"Lambert, Choi and Lam",North Patricialand,Colombia,Online
STORE_000505,Hernandez LLC,Amberstad,Isle of Man,Offline
STORE_000506,Mullins-Adams,Franciscofort,Ireland,Offline
STORE_000507,"Moore, Baker and Adams",East Rickey,Christmas Island,Online
STORE_000508,"Wells, Gonzalez and Butler",Freemanton,Lithuania,Offline
STORE_000509,Rivera and Sons,West Kristychester,Anguilla,Offline
STORE_000510,"Ballard, Cook and Clark",Port Jessica,Western Sahara,Online
STORE_000511,"Rivera, Ramsey and Gonzalez",Jennifershire,Philippines,Offline
STORE_000512,Strickland Ltd,Kimberlyville,Pitcairn Islands,Offline
STORE_000513,"Williams, Ford and Fisher",Wandaborough,Norfolk Island,Online
STORE_000514,Mcgee-Weber,North Maryshire,Myanmar,Offline
STORE_000515,Brooks-Byrd,Thomasberg,Qatar,Offline
STORE_000516,Ramos-Taylor,Port Brandi,Hungary,Offline
STORE_000517,Allen-Scott,Tammyland,Slovenia,Online
STORE_000518,Merritt-Kramer,Port Candicemouth,Uzbekistan,Offline
STORE_000519,Sanchez-Garza,Waltersstad,Bolivia,Online
STORE_000520,"Carroll, Richardson and Sampson",Jasonport,Sweden,Online
STORE_000521,"Jones, Erickson and Wright",South Donald,South Georgia and the South Sandwich Islands,Offline
STORE_000522,"Moore, Lawrence and Williamson",Brandonmouth,Mali,Offline
STORE_000523,Duncan Group,Ruizbury,United States Virgin Islands,Online
STORE_000524,"Avery, Porter and Hill",Masonberg,French Polynesia,Online
STORE_000525,Hubbard-Lyons,South Cynthia,Netherlands Antilles,Offline
STORE_000526,Hernandez and Sons,Port Gary,Kuwait,Offline
STORE_000527,Walker-Pena,Stevensonmouth,Sao Tome and Principe,Offline
STORE_000528,"Barker, Callahan and Hughes",Tracyfurt,Guernsey,Offline
STORE_000529,Brown Ltd,Taylorside,Kiribati,Offline
STORE_000530,Ward Ltd,North Jeremiahstad,Svalbard & Jan Mayen Islands,Offline
STORE_000531,"Luna, Smith and Huffman",New Derrickville,Togo,Online
STORE_000532,Edwards PLC,North Tylerhaven,Paraguay,Online
STORE_000533,"Clark, Poole and Waller",West Samanthaside,Jordan,Online
STORE_000534,Hall-Osborne,Hillshire,Guyana,Offline
STORE_000535,"Williams, Miles and Lawson",Sanfordmouth,Switzerland,Offline
STORE_000536,Pugh PLC,West Tonya,Svalbard & Jan Mayen Islands,Offline
STORE_000537,Harris Inc,Nelsonland,Greece,Offline
STORE_000538,Welch Group,South Michelle,Guernsey,Online
STORE_000539,Johnson-Jones,Petersberg,Jordan,Online
STORE_000540,Williams-Sellers,East Melissa,Haiti,Online
STORE_000541,"Boone, Sexton and Garza",Parksfort,Turkmenistan,Offline
STORE_000542,Miller and Sons,Mitchellport,Christmas Island,Offline
STORE_000543,"Friedman, Rogers and Wood",Morrowview,Sri Lanka,Offline
STORE_000544,"Young, Combs and Wood",Aliciaton,Grenada,Online
STORE_000545,Thomas PLC,Lake Annside,Isle of Man,Offline
STORE_000546,Weaver PLC,Parsonstown,Latvia,Offline
STORE_000547,"Gomez, Smith and Powell",Lake Michael,Lesotho,Offline
STORE_000548,West and Sons,New Jeffrey,Congo,Offline
STORE_000549,Johnson-Young,Port Vickiborough,United States Minor Outlying Islands,Online
STORE_000550,Watson Group,Zacharyside,French Southern Territories,Offline
STORE_000551,Nixon-Hanson,West Samanthashire,Benin,Online
STORE_000552,Kelly-Phillips,Aaronton,Norfolk Island,Offline
STORE_000553,Novak Ltd,New Travis,Andorra,Offline
STORE_000554,"Walker, Ellis and Shaffer",Lake Benjamin,Saint Kitts and Nevis,Offline
STORE_000555,Lopez-Arellano,Hollyburgh,Suriname,Offline
STORE_000556,"Davidson, Bowers and Logan",Lake Walter,Uganda,Online
STORE_000557,Davis-Mccormick,Anthonyhaven,Cuba,Online
STORE_000558,"Larson, Holder and Parrish",Ashleyborough,Costa Rica,Offline
STORE_000559,Williams LLC,Port Abigailfurt,Chile,Offline
STORE_000560,Gross-Hull,Tiffanyview,Costa Rica,Offline
STORE_000561,"Hensley, Ferguson and Alvarado",North Amanda,Russian Federation,Online
STORE_000562,"Lee, Estrada and Garcia",Warestad,Barbados,Offline
STORE_000563,Little Ltd,Lake Christopher,Western Sahara,Offline
STORE_000564,"Castillo, Ramirez and Howell",Harperbury,Svalbard & Jan Mayen Islands,Offline
STORE_000565,Bright-Hawkins,North Jordan,Sudan,Online
STORE_000566,Mclean Group,Shannonville,Reunion,Online
STORE_000567,Scott Inc,New Kristenton,Venezuela,Offline
STORE_000568,Spence LLC,North Heatherstad,Norfolk Island,Offline
STORE_000569,Ho and Sons,Jamesfort,Greece,Offline
STORE_000570,"Davis, Madden and Bryan",Port Sherylbury,South Georgia and the South Sandwich Islands,Online
STORE_000571,Garcia and Sons,Gordonburgh,Hungary,Offline
STORE_000572,Robinson-James,Port Anthonyburgh,South Africa,Offline
STORE_000573,"Anderson, Taylor and Parker",Calebborough,Moldova,Online
STORE_000574,"Walker, Smith and Hamilton",Port Nathanville,Morocco,Online
STORE_000575,"Jones, Castillo and Shaw",North Glen,Kenya,Online
STORE_000576,Crawford-Brown,Pittmanmouth,Swaziland,Offline
STORE_000577,Smith and Sons,East Heathermouth,Japan,Offline
STORE_000578,Johnson Group,New Alexis,Canada,Online
STORE_000579,Curry and Sons,Roseport,Syrian Arab Republic,Offline
STORE_000580,"Joyce, Fitzgerald and Reed",Susanborough,Belgium,Offline
STORE_000581,"Barr, Stein and Atkinson",West Stephanieview,Luxembourg,Offline
STORE_000582,Smith-West,Alvarezborough,Georgia,Offline
STORE_000583,Wallace-Whitaker,Williambury,Tunisia,Offline
STORE_000584,Weber-Ball,Joeside,France,Offline
STORE_000585,Day-Hanson,Christensenberg,Grenada,Offline
STORE_000586,"Lam, Williams and Ibarra",New Karenshire,Norfolk Island,Offline
STORE_000587,Roberts-Nelson,Amandafurt,Libyan Arab Jamahiriya,Offline
STORE_000588,Trevino PLC,East Robert,Taiwan,Offline
STORE_000589,Campbell and Sons,Coleland,French Polynesia,Offline
STORE_000590,Wilson-Baker,East Jason,Suriname,Online
STORE_000591,"Nelson, Parker and Mcneil",Lake Alyssa,Kiribati,Online
STORE_000592,Torres-Alvarado,Weberhaven,Tonga,Online
STORE_000593,Nash-Thompson,Atkinsside,Falkland Islands (Malvinas),Online
STORE_000594,"Hunt, Archer and Henderson",Hunterberg,Vanuatu,Offline
STORE_000595,"Wright, Ortiz and Wilkins",North Veronicamouth,Costa Rica,Offline
STORE_000596,Turner Ltd,Port Christine,Eritrea,Offline
STORE_000597,Lopez Group,West Diane,United States of America,Offline
STORE_000598,"Taylor, Hernandez and Wheeler",West Laurenmouth,Sao Tome and Principe,Offline
STORE_000599,"Montgomery, Mendoza and Henderson",Aaronfort,Gabon,Offline
STORE_000600,Moore-Garza,Heidiberg,Montenegro,Offline
STORE_000601,Mathis-Sweeney,Allenberg,Libyan Arab Jamahiriya,Offline
STORE_000602,Miles Group,North Karenview,Spain,Offline
STORE_000603,"James, Olson and Ward",East Janet,Latvia,Offline
STORE_000604,Rowe PLC,East Laura,Maldives,Offline
STORE_000605,Bradford Ltd,New Desiree,Saint Barthelemy,Offline
STORE_000606,"Jenkins, Hernandez and Stokes",Lake Thomas,Lesotho,Offline
STORE_000607,Reynolds LLC,New Justin,Niger,Offline
STORE_000608,Sanchez Inc,South Stacyland,Slovakia (Slovak Republic),Online
STORE_000609,"Wilson, Miller and Williams",North Amy,Falkland Islands (Malvinas),Offline
STORE_000610,Smith PLC,West Heatherburgh,Colombia,Offline
STORE_000611,"Padilla, Anderson and Martinez",Reynoldsbury,Western Sahara,Offline
STORE_000612,Johnson LLC,South Jamieton,Uruguay,Online
STORE_000613,"Brewer, Hudson and Ryan",Amyview,Burundi,Offline
STORE_000614,Wilson-Fox,Port Brendaport,Svalbard & Jan Mayen Islands,Offline
STORE_000615,Martinez Ltd,West Michelleton,Rwanda,Offline
STORE_000616,Brewer and Sons,Kevinfurt,Australia,Online
STORE_000617,Donaldson-Smith,Ritterview,Heard Island and McDonald Islands,Offline
STORE_000618,Lawson-Howard,Nicholasview,Reunion,Offline
STORE_000619,Ware-Bowman,New Matthew,Dominican Republic,Offline
STORE_000620,"Barker, Wilson and Fritz",New Ashleyside,Brunei Darussalam,Offline
STORE_000621,Wise and Sons,North Patricia,Guadeloupe,Online
STORE_000622,Allen-Fuentes,East April,Dominica,Online
STORE_000623,"Flores, Sandoval and Thornton",East Jessicachester,Slovenia,Offline
STORE_000624,"Brock, Christensen and Price",Kathrynhaven,United Arab Emirates,Offline
STORE_000625,Henderson Group,South Kevinstad,Turkmenistan,Online
STORE_000626,Moore Ltd,East Sethhaven,Chad,Online
STORE_000627,"Rodgers, Gomez and Myers",Ericastad,Maldives,Offline
STORE_000628,Tucker PLC,Mendezfort,Kazakhstan,Offline
STORE_000629,Reed LLC,Port Paulport,Guatemala,Online
STORE_000630,Gonzales-French,Daltonmouth,Bolivia,Online
STORE_000631,Pierce PLC,East Annafurt,Anguilla,Offline
STORE_000632,Chen PLC,Donnastad,Armenia,Online
STORE_000633,"Floyd, Hebert and Sullivan",East Pedromouth,Central African Republic,Offline
STORE_000634,Cox Ltd,South Morganport,Puerto Rico,Online
STORE_000635,Robinson Ltd,Cherryborough,China,Offline
STORE_000636,Cabrera Ltd,West Jeffton,Nauru,Online
STORE_000637,Clark Ltd,Brittanyview,Saint Pierre and Miquelon,Offline
STORE_000638,"King, Johnson and Benitez",Swansonberg,Ireland,Online
STORE_000639,Brown Inc,West Johnnyton,Vanuatu,Offline
STORE_000640,Harris LLC,Port Kelsey,Germany,Offline
STORE_000641,Jimenez Inc,Port Robertland,Moldova,Offline
STORE_000642,Baker LLC,Alejandrofurt,Turkmenistan,Online
STORE_000643,White Group,Heatherfurt,Korea,Offline
STORE_000644,"Miranda, Smith and Coleman",Jonesport,French Guiana,Offline
STORE_000645,"Jimenez, Moore and Williams",East Brian,Marshall Islands,Offline
STORE_000646,Allen Inc,Adamsmouth,Albania,Online
STORE_000647,Gibbs-Lopez,Nelsontown,Namibia,Offline
STORE_000648,Lozano-Johnson,South Carrie,Germany,Offline
STORE_000649,"House, Meyers and Cooper",East Brianland,Guinea-Bissau,Offline
STORE_000650,"Arnold, Martinez and Schmidt",Lake Amy,Guadeloupe,Offline
STORE_000651,Rios Inc,South Ronald,Angola,Online
STORE_000652,Griffin-Ho,Cuevasshire,New Zealand,Online
STORE_000653,Jones Ltd,Smithchester,Palau,Online
STORE_000654,Moses Inc,Josephfurt,French Southern Territories,Offline
STORE_000655,"Brown, Moore and Murphy",Allisonborough,Congo,Offline
STORE_000656,Thomas-Santos,New Brittany,Monaco,Online
STORE_000657,Barber Group,Foxborough,Sri Lanka,Offline
STORE_000658,Vargas-Williams,Bennettmouth,Rwanda,Online
STORE_000659,Strickland LLC,Burnstown,Nepal,Offline
STORE_000660,Sanders-Johnson,Kellyland,Guadeloupe,Offline
STORE_000661,Mays-Gray,Port Mariamouth,Burundi,Offline
STORE_000662,Kennedy-Coleman,East Kimberlyberg,Falkland Islands (Malvinas),Online
STORE_000663,"Hunt, Wood and Taylor",Lake Kimberly,Bangladesh,Offline
STORE_000664,Shaffer-White,South Sonya,Marshall Islands,Online
STORE_000665,"Aguirre, Lucas and Guerrero",South Julieton,Egypt,Online
STORE_000666,"Burke, Wilson and Tucker",Patrickborough,Northern Mariana Islands,Offline
STORE_000667,"Shaw, Allen and Murray",Beckerhaven,Nepal,Offline
STORE_000668,Jones-Webb,Jasonfort,Qatar,Offline
STORE_000669,Vance Ltd,Emmaville,Slovakia (Slovak Republic),Offline
STORE_000670,"Robinson, Hall and Howard",South Julie,Saint Helena,Online
STORE_000671,"Adams, Perez and Morgan",Hallview,Myanmar,Online
STORE_000672,Harris Inc,Jonathanton,Gambia,Offline
STORE_000673,Hernandez-Ryan,New Brittany,Bolivia,Offline
STORE_000674,Miller PLC,East Johnborough,Canada,Offline
STORE_000675,Cole-Hunter,West Jennifer,United States Minor Outlying Islands,Offline
STORE_000676,Hawkins Group,Carolynport,Slovenia,Online
STORE_000677,"Smith, Logan and Franco",North Andre,Monaco,Online
STORE_000678,"Acosta, Williams and Anderson",Lake Kyle,Cape Verde,Offline
STORE_000679,Pena Group,Mullinsmouth,Mali,Online
STORE_000680,Cisneros Ltd,East Gailfort,Saint Barthelemy,Offline
STORE_000681,Green and Sons,East Paulaborough,Micronesia,Online
STORE_000682,Zuniga-Evans,Lake Katieville,Saint Martin,Offline
STORE_000683,Smith-Tucker,Michaelchester,Chile,Offline
STORE_000684,"Copeland, Porter and Pacheco",Sparksmouth,Korea,Offline
STORE_000685,Poole LLC,Justinhaven,Turkmenistan,Offline
STORE_000686,"Nelson, Fisher and Bowman",Sarahaven,Ethiopia,Online
STORE_000687,Villa Ltd,New Jenniferborough,Equatorial Guinea,Online
STORE_000688,Cervantes-Davis,Clarkside,South Africa,Offline
STORE_000689,"Hamilton, Reed and Sandoval",South Kristinmouth,Guernsey,Offline
STORE_000690,"Patterson, Herrera and Jensen",Scottside,Marshall Islands,Online
STORE_000691,"Cunningham, Goodman and Bautista",Albertside,Finland,Offline
STORE_000692,Newman Group,Watsonville,Senegal,Offline
STORE_000693,"Cole, Guerra and Barber",North Wayne,Korea,Offline
STORE_000694,"Crawford, Rodriguez and Hernandez",Davidmouth,Iceland,Offline
STORE_000695,Ward Inc,Randyton,Monaco,Offline
STORE_000696,Johnson-Henry,Georgeberg,United Kingdom,Online
STORE_000697,Rollins Group,Lake Ashleyshire,India,Offline
STORE_000698,Reyes LLC,Lisabury,Lao People's Democratic Republic,Offline
STORE_000699,"Soto, Boone and Williams",Lake Janicefurt,Lao People's Democratic Republic,Online
STORE_000700,"Buchanan, Burnett and Owens",West Christopher,Bermuda,Offline
STORE_000701,"Thomas, Burke and Harris",Andreamouth,Tajikistan,Online
STORE_000702,Mason and Sons,Lake Rachelburgh,Isle of Man,Online
STORE_000703,"Moreno, Pearson and Silva",Port Kenneth,Bosnia and Herzegovina,Online
STORE_000704,"Hunter, Douglas and Curry",East Melissaton,Equatorial Guinea,Online
STORE_000705,Adams and Sons,Anitaton,Kenya,Offline
STORE_000706,Graham Inc,East Jamesfurt,Slovakia (Slovak Republic),Offline
STORE_000707,"Gilmore, Pearson and Cantu",Joannefurt,Chile,Offline
STORE_000708,Stewart Inc,Wallacebury,Tuvalu,Offline
STORE_000709,"Fuentes, Mckay and Gutierrez",South Frederick,Saudi Arabia,Online
STORE_000710,Jimenez Inc,Bowmanberg,Tuvalu,Online
STORE_000711,"Smith, Barnett and Sharp",Henryfurt,Chile,Online
STORE_000712,Williamson Inc,Port Brenda,Belarus,Offline
STORE_000713,Nichols Inc,Port Elizabethland,Fiji,Online
STORE_000714,Rogers-Smith,Taylorshire,French Southern Territories,Offline
STORE_000715,Sharp-Williams,West Cynthiaville,Poland,Offline
STORE_000716,Ward Group,Davidtown,Isle of Man,Offline
STORE_000717,Collier-Shields,Port James,Falkland Islands (Malvinas),Online
STORE_000718,"Padilla, Williams and Anderson",West Logan,Egypt,Offline
STORE_000719,Myers-Hensley,South Alexandrialand,Lithuania,Online
STORE_000720,"Wheeler, Compton and Washington",New Kimberly,Nauru,Offline
STORE_000721,"Hughes, Bowman and Baker",South Thomas,Uruguay,Offline
STORE_000722,Brown-Wilcox,Angelahaven,Sweden,Offline
STORE_000723,Griffin and Sons,Port Leslie,Egypt,Offline
STORE_000724,"Holland, Gonzalez and Duran",Port Taylorstad,Cote d'Ivoire,Offline
STORE_000725,Frazier-Roberts,East Rachelchester,Palau,Online
STORE_000726,"Castillo, Silva and Woodard",South Mirandamouth,Australia,Online
STORE_000727,Morales and Sons,Mooreton,Canada,Offline
STORE_000728,Forbes-Wilson,Carrtown,Puerto Rico,Online
STORE_000729,Garner-Lambert,Tuckerland,Wallis and Futuna,Offline
STORE_000730,"Robinson, Meyer and Dougherty",North Paulland,Japan,Offline
STORE_000731,Richardson-Barnes,Lake Mistyshire,French Southern Territories,Offline
STORE_000732,Ramirez-Moses,Milesfurt,Botswana,Offline
STORE_000733,Miller-Davis,Holmeston,Egypt,Online
STORE_000734,Murillo and Sons,South Katiehaven,Cuba,Online
STORE_000735,Walker Inc,Nelsonfort,Korea,Offline
STORE_000736,Patterson-Smith,Port Natalie,Cook Islands,Offline
STORE_000737,"Rivas, Davis and Young",Diaztown,Lebanon,Offline
STORE_000738,Edwards-Foster,Alexanderfurt,Svalbard & Jan Mayen Islands,Offline
STORE_000739,"Mccarthy, Hays and Douglas",Port Kellyborough,Nicaragua,Offline
STORE_000740,Gallagher-Hall,New Whitney,Colombia,Online
STORE_000741,Jones Group,Stevenston,Tuvalu,Offline
STORE_000742,"Delgado, Garcia and Williams",Port James,Mauritius,Online
STORE_000743,Lester-Ray,Tamarashire,Cape Verde,Offline
STORE_000744,Collins Ltd,New Jasonberg,Cote d'Ivoire,Offline
STORE_000745,"Smith, Miller and Reid",East Edwardville,Malaysia,Offline
STORE_000746,Park Ltd,Annaberg,Jamaica,Offline
STORE_000747,Frazier and Sons,Alexanderport,Bulgaria,Offline
STORE_000748,Harrison-Barton,Lake Sara,Guam,Offline
STORE_000749,Christian-Morton,Norrisside,New Zealand,Online
STORE_000750,Butler PLC,Smithbury,Timor-Leste,Offline
STORE_000751,"Monroe, Hill and Estes",North Andrewborough,Seychelles,Offline
STORE_000752,Jones Ltd,Alyssaberg,El Salvador,Offline
STORE_000753,Lopez Ltd,Lake Henry,Lao People's Democratic Republic,Offline
STORE_000754,White Inc,Lake Andrewmouth,Hungary,Offline
STORE_000755,Price-Kim,Alexandrafurt,Peru,Online
STORE_000756,West-Delgado,East Austin,Ecuador,Online
STORE_000757,Bradley-Castro,Phillipsland,Latvia,Online
STORE_000758,"Nunez, Brooks and Wilson",Lake Elizabethtown,Korea,Offline
STORE_000759,"Lane, Hopkins and Scott",New Nancymouth,Nauru,Online
STORE_000760,Berg Group,Williamsburgh,Solomon Islands,Offline
STORE_000761,Lane PLC,South Jeffrey,Burundi,Offline
STORE_000762,Harper-Phillips,Gibsonport,Dominican Republic,Offline
STORE_000763,"Garcia, Hoffman and Odom",New Amandaport,Burkina Faso,Offline
STORE_000764,"Bond, Ibarra and Francis",Lake Gabriel,Reunion,Offline
STORE_000765,Pierce-Smith,West Daniel,Germany,Offline
STORE_000766,Brown-Wise,Lake Jonathan,Czech Republic,Offline
STORE_000767,Frederick LLC,East Sabrina,Malta,Offline
STORE_000768,Weaver LLC,New Michaelville,Austria,Offline
STORE_000769,"Pearson, Peterson and Dudley",West Richard,Belarus,Online
STORE_000770,"Sexton, Miller and Hoffman",Taylormouth,Pitcairn Islands,Offline
STORE_000771,Chen Inc,East Kathleentown,Ireland,Online
STORE_000772,Silva-Marshall,Medinaberg,Turkey,Online
STORE_000773,Petersen Ltd,New Jason,Moldova,Online
STORE_000774,West-Turner,Aaronmouth,Estonia,Online
STORE_000775,"Sexton, Little and Sutton",West Amber,Mexico,Online
STORE_000776,Griffith and Sons,South Matthew,Bhutan,Offline
STORE_000777,"Myers, Salazar and Harrington",Port Deniseton,Comoros,Offline
STORE_000778,"Smith, Moss and Hayes",East Steventown,Afghanistan,Offline
STORE_000779,"Dunn, Jones and Hawkins",East Sheliaview,Afghanistan,Offline
STORE_000780,Martin LLC,Hansenhaven,Bangladesh,Online
STORE_000781,"Hernandez, Fischer and Baird",Christopherbury,Saint Vincent and the Grenadines,Offline
STORE_000782,Brown Ltd,Lopezfort,Comoros,Offline
STORE_000783,Brooks-Scott,Angelicaview,Heard Island and McDonald Islands,Offline
STORE_000784,Gonzales-Stewart,West Brianna,Congo,Offline
STORE_000785,Smith-Brown,New Kathrynchester,Norfolk Island,Offline
STORE_000786,Lee LLC,Port Johnburgh,Mongolia,Offline
STORE_000787,Jones-Solomon,Bryantburgh,Isle of Man,Offline
STORE_000788,Delgado-Bright,Wheelerton,North Macedonia,Online
STORE_000789,"Lewis, Griffin and Brady",North Andrea,Zambia,Online
STORE_000790,Hoffman Inc,Port Ashleymouth,Indonesia,Offline
STORE_000791,"Huynh, Pratt and Mcconnell",East Randy,Maldives,Offline
STORE_000792,"Espinoza, Herrera and Peters",Port Cynthiamouth,Svalbard & Jan Mayen Islands,Offline
STORE_000793,Wu-Sanchez,Port Rachelside,Poland,Offline
STORE_000794,"Davis, Phelps and Nunez",Foxview,Italy,Offline
STORE_000795,Price LLC,Lake Michael,Andorra,Offline
STORE_000796,Bailey Ltd,North Johnside,Bosnia and Herzegovina,Online
STORE_000797,Wilkins-Schultz,Robinsonton,Andorra,Offline
STORE_000798,Thompson and Sons,New Kathleenfort,Brunei Darussalam,Online
STORE_000799,White Ltd,Lake Keith,Central African Republic,Offline
STORE_000800,Carey-Allen,Christopherview,Christmas Island,Online
STORE_000801,"Contreras, Morse and Allen",Courtneyberg,Swaziland,Offline
STORE_000802,Ho and Sons,West Jonathan,Maldives,Online
STORE_000803,"Wong, Taylor and Murphy",Meghanmouth,Niger,Offline
STORE_000804,Torres and Sons,Brianborough,Lebanon,Offline
STORE_000805,Gentry-Rogers,East Julie,Saint Martin,Offline
STORE_000806,Sanchez-Glover,New Brentmouth,Portugal,Online
STORE_000807,"Martin, Vega and Brown",Wardton,Belgium,Offline
STORE_000808,Hancock-Johnson,East Alexandrashire,Vietnam,Offline
STORE_000809,Miller-Snyder,Port Virginiabury,Dominican Republic,Online
STORE_000810,"Stewart, Johnson and Hicks",South John,Algeria,Online
STORE_000811,Kelley-Willis,East Nicholas,Timor-Leste,Offline
STORE_000812,"Ortiz, Rogers and Hayes",North Johnathantown,Bouvet Island (Bouvetoya),Offline
STORE_000813,"Davis, Jones and Hammond",Grahammouth,Thailand,Online
STORE_000814,Sanchez-Webb,New Marisafurt,Isle of Man,Online
STORE_000815,"Nguyen, Stevens and Pearson",New Josephshire,Vanuatu,Offline
STORE_000816,Diaz and Sons,Benjaminshire,Liberia,Online
STORE_000817,"Mcdaniel, Chen and Thomas",Buckleyfort,Hong Kong,Online
STORE_000818,Finley LLC,Petersonstad,Yemen,Offline
STORE_000819,Calderon Ltd,East Joelmouth,Jersey,Offline
STORE_000820,Shelton-White,Bruceville,Luxembourg,Offline
STORE_000821,Walker-Graves,Nashstad,Tunisia,Offline
STORE_000822,Smith Group,East Tyler,China,Online
STORE_000823,Cain-Randall,North Victoria,British Indian Ocean Territory (Chagos Archipelago),Offline
STORE_000824,"Martin, White and Smith",Port Jenniferberg,United Kingdom,Offline
STORE_000825,Lowe Ltd,New Jason,Czech Republic,Offline
STORE_000826,Ellis LLC,Martinezshire,Mexico,Offline
STORE_000827,Sampson-Jones,Port Daniel,Rwanda,Offline
STORE_000828,"Palmer, Gardner and Foster",Clarkview,Guyana,Online
STORE_000829,Silva and Sons,Haileychester,Netherlands,Offline
STORE_000830,"Bailey, Stewart and Ramos",Triciamouth,Korea,Offline
STORE_000831,Adkins-Salazar,North Brian,Congo,Online
STORE_000832,Ellis-Yang,West Cameronview,Thailand,Online
STORE_000833,"Hansen, Meyers and Townsend",Cathyton,Paraguay,Offline
STORE_000834,Lynn PLC,South Benjamin,Uganda,Offline
STORE_000835,Shelton-Perez,West Albertburgh,Mozambique,Offline
STORE_000836,Hardy-Gray,West Jacksonland,Israel,Offline
STORE_000837,Michael-Jacobs,Toniport,Trinidad and Tobago,Offline
STORE_000838,"Blair, Heath and Russell",New Melissaside,Belarus,Online
STORE_000839,"Snyder, Webb and Farley",Kayleefort,Lebanon,Offline
STORE_000840,Cooper LLC,Jacobsonchester,Turkey,Offline
STORE_000841,"Mcdonald, Ward and Wells",Port Gregorystad,Armenia,Offline
STORE_000842,Smith-Reyes,Port Carol,Ireland,Online
STORE_000843,Wilkinson PLC,Port Justinhaven,Timor-Leste,Offline
STORE_000844,"Williams, Ruiz and Ramirez",Marktown,Heard Island and McDonald Islands,Online
STORE_000845,Allison and Sons,Danielsberg,Bahrain,Online
STORE_000846,"Myers, Gonzalez and Wade",Nathanielview,Puerto Rico,Offline
STORE_000847,Dunn-Anthony,New Nicholasland,Bahrain,Online
STORE_000848,Montgomery-Mays,East Ronaldburgh,Afghanistan,Online
STORE_000849,"Curry, Carter and Dudley",North Christineside,Namibia,Offline
STORE_000850,Cochran-French,North Amberview,Latvia,Offline
STORE_000851,Cox-Clarke,Lake Jasminebury,Cameroon,Offline
STORE_000852,Lane-Harding,East Jesus,Mauritius,Offline
STORE_000853,Smith Group,Danielton,Cayman Islands,Offline
STORE_000854,Smith Group,Lewishaven,Italy,Offline
STORE_000855,Schmitt-Gordon,East Carlmouth,Congo,Offline
STORE_000856,Calderon-Hess,North Kimberlychester,Cuba,Offline
STORE_000857,Price-Mcdaniel,Sharpberg,Congo,Offline
STORE_000858,Carlson-Burns,West Kyleburgh,Cameroon,Online
STORE_000859,Anderson Inc,Gailstad,Niue,Offline
STORE_000860,Frost Group,Charlesmouth,Saudi Arabia,Online
STORE_000861,Ortiz Inc,Fieldsside,Switzerland,Offline
STORE_000862,"Garcia, Floyd and Lane",Nataliehaven,Jersey,Online
STORE_000863,"Stewart, Cabrera and Hodges",Shermanfurt,Palestinian Territory,Offline
STORE_000864,"Aguilar, Sherman and Santos",Hannaview,Mexico,Offline
STORE_000865,Gonzales PLC,Joanburgh,Sudan,Offline
STORE_000866,Arnold PLC,East Phyllisbury,Bahrain,Offline
STORE_000867,"Rose, Colon and Gomez",South Codychester,Netherlands,Online
STORE_000868,"Pena, Mcclure and Bradley",Jennifertown,Martinique,Online
STORE_000869,Lewis PLC,Elizabethview,Serbia,Online
STORE_000870,Lopez LLC,North Vincentview,Andorra,Online
STORE_000871,"Murray, Jones and Harper",North Jasonmouth,Malaysia,Offline
STORE_000872,Johnson-Bullock,New Jose,Trinidad and Tobago,Offline
STORE_000873,"Richardson, Smith and Montgomery",Sarahville,Tuvalu,Offline
STORE_000874,Dennis Inc,Myersborough,Gabon,Offline
STORE_000875,Sullivan-Washington,Jamesborough,Sudan,Online
STORE_000876,Wagner Group,Craigmouth,Panama,Online
STORE_000877,Armstrong Inc,Joshuahaven,Australia,Offline
STORE_000878,Melton LLC,West Benjaminborough,Cape Verde,Offline
STORE_000879,Mclaughlin-Garner,West Nicholasshire,Norfolk Island,Offline
STORE_000880,Davis-Krause,Hernandezstad,Botswana,Offline
STORE_000881,Rodriguez Inc,South Robert,Korea,Offline
STORE_000882,"Lee, Roberts and Dickson",South Garrettfurt,Burundi,Offline
STORE_000883,Calhoun Ltd,Mirandaville,Saint Pierre and Miquelon,Online
STORE_000884,"Doyle, Bruce and Harrington",New Daniellebury,Colombia,Offline
STORE_000885,Jones-Mckenzie,West Ashleyton,Brazil,Offline
STORE_000886,Curry-Doyle,Robertview,Ukraine,Offline
STORE_000887,Lewis Ltd,Davistown,Chad,Offline
STORE_000888,"Love, Munoz and Petersen",Barrerachester,Italy,Offline
STORE_000889,Walker-Yoder,Bassstad,Togo,Offline
STORE_000890,"Conway, Garcia and Brown",Lake Ashley,Ecuador,Offline
STORE_000891,Parker-Price,New Ryanton,Czech Republic,Offline
STORE_000892,"Ruiz, Bailey and Taylor",Raventon,United Kingdom,Offline
STORE_000893,Hill-Hunter,New Lori,Saint Pierre and Miquelon,Online
STORE_000894,"Davis, Weeks and White",Elizabethport,Nigeria,Offline
STORE_000895,Robinson Inc,Warnerchester,New Caledonia,Online
STORE_000896,Myers Group,Dianefort,Norfolk Island,Offline
STORE_000897,Wheeler-Knight,Gilmoreport,Malaysia,Offline
STORE_000898,Haynes and Sons,Lauramouth,Rwanda,Offline
STORE_000899,"Peters, Cole and Hart",Maloneville,Bangladesh,Offline
STORE_000900,Moody-Hill,Port Anita,Jamaica,Offline
STORE_000901,Love Inc,Bullockview,Uzbekistan,Offline
STORE_000902,Graham Ltd,West Nicole,Romania,Offline
STORE_000903,"Mcbride, Walton and Wilson",North Crystalside,Antarctica (the territory South of 60 deg S),Online
STORE_000904,"Lin, Webb and Reynolds",New Duaneborough,Monaco,Offline
STORE_000905,Bell-White,East Kellyside,Namibia,Online
STORE_000906,Caldwell-Robinson,Donaldville,Pakistan,Online
STORE_000907,Peterson-Foster,Keyville,Trinidad and Tobago,Online
STORE_000908,Clark-Johnson,South Erica,Belgium,Offline
STORE_000909,"Thornton, Cox and Stark",Lake Lisaport,Qatar,Offline
STORE_000910,Chen PLC,Doylefort,Guinea-Bissau,Offline
STORE_000911,"Thomas, Howard and Lee",Morganberg,Japan,Offline
STORE_000912,"Barajas, Wilson and Montoya",Steinstad,Israel,Offline
STORE_000913,Macias-Lewis,Ashleyside,French Guiana,Offline
STORE_000914,Callahan-Davis,Jordanstad,Kuwait,Offline
STORE_000915,Nelson Group,Lake Anthony,Niue,Online
STORE_000916,"Moore, Woods and Cruz",New Danielmouth,Tonga,Offline
STORE_000917,"Myers, Ortega and Bryant",Davidmouth,Swaziland,Offline
STORE_000918,Henderson-Mitchell,New Emily,Qatar,Offline
STORE_000919,Arnold Group,West Michellefurt,French Guiana,Offline
STORE_000920,Farrell-Miller,Port Stevenland,French Southern Territories,Offline
STORE_000921,"Long, Ramirez and Mann",Reidberg,Singapore,Offline
STORE_000922,Jackson LLC,Lewisville,Anguilla,Offline
STORE_000923,Fox and Sons,West Bruce,Thailand,Offline
STORE_000924,Carter Inc,Robertfurt,Guernsey,Online
STORE_000925,Lee-Bowers,Hudsonborough,Bouvet Island (Bouvetoya),Offline
STORE_000926,Taylor Group,Macdonaldchester,Korea,Online
STORE_000927,Lester LLC,Lake Bryan,Barbados,Offline
STORE_000928,Matthews PLC,South Tinastad,Cambodia,Offline
STORE_000929,Luna Group,North Randybury,Mozambique,Offline
STORE_000930,Perez and Sons,Cherylview,Bolivia,Online
STORE_000931,"Stewart, Bowen and Vasquez",Bakerton,Benin,Offline
STORE_000932,Whitney-Park,Erinville,Antarctica (the territory South of 60 deg S),Offline
STORE_000933,"Williams, Ellis and Valentine",Batesfort,Mali,Offline
STORE_000934,"Bell, Lindsey and Ryan",Mcclainfurt,Tokelau,Online
STORE_000935,Taylor-Norman,Mcmahonfurt,Bermuda,Offline
STORE_000936,Lopez-Lin,Lake Tina,Kyrgyz Republic,Offline
STORE_000937,Bentley-Vang,Briannaside,Saint Barthelemy,Online
STORE_000938,Mitchell-Daniels,East Jessicaville,Guadeloupe,Offline
STORE_000939,Rivera and Sons,Colemanborough,Namibia,Offline
STORE_000940,"Salinas, Wilson and Sparks",Lake Donald,Anguilla,Offline
STORE_000941,"Spence, King and Stafford",North Pedroborough,Guadeloupe,Offline
STORE_000942,"Moss, Rowe and Henry",South Lindachester,Palestinian Territory,Offline
STORE_000943,"Rivera, Fernandez and Flowers",New Aimee,United States of America,Offline
STORE_000944,Brown-Sullivan,West Cody,Japan,Offline
STORE_000945,Kelly-Hudson,Port Robertville,Gambia,Online
STORE_000946,Jones-Smith,West Stacey,Gambia,Online
STORE_000947,"Spears, Alexander and Anderson",New Allisonchester,Swaziland,Offline
STORE_000948,Romero LLC,Port Amandafurt,Sao Tome and Principe,Offline
STORE_000949,Baker-Woodward,Lake Gilbert,Angola,Offline
STORE_000950,Smith Ltd,New Colinfurt,Lithuania,Offline
STORE_000951,Montgomery Ltd,Kathleenfort,French Southern Territories,Offline
STORE_000952,"Francis, Holloway and Mccarty",Port Moniquefurt,Western Sahara,Offline
STORE_000953,Taylor-Mullen,North Laura,Guinea-Bissau,Offline
STORE_000954,Solis Group,Harrisonton,Saint Martin,Offline
STORE_000955,Floyd-Russell,East Jamieview,Poland,Online
STORE_000956,"Robinson, Fry and Patterson",South Derek,Brunei Darussalam,Offline
STORE_000957,Mendez Inc,Hannahberg,Peru,Online
STORE_000958,Martinez Group,New Bradley,Kiribati,Online
STORE_000959,Carson LLC,Delgadoland,Gabon,Offline
STORE_000960,"Richardson, Castillo and Williams",Jamesstad,Lesotho,Offline
STORE_000961,Harris Ltd,Jakeborough,Barbados,Offline
STORE_000962,"Mercado, Hernandez and Smith",New Jennifer,Bermuda,Offline
STORE_000963,"Vaughn, Lopez and Johnson",Lake Laura,Andorra,Offline
STORE_000964,Young Ltd,Michaelchester,Colombia,Offline
STORE_000965,Walker-Delacruz,Rodrigueztown,Belize,Offline
STORE_000966,Huynh Group,Danielletown,Heard Island and McDonald Islands,Offline
STORE_000967,"Hensley, Ho and Branch",East Dawn,Sudan,Online
STORE_000968,"Dunn, Singleton and Silva",South Keithburgh,Angola,Online
STORE_000969,Johnson-White,Joannaview,Cote d'Ivoire,Offline
STORE_000970,"Morales, Contreras and Hanson",Keithfort,Egypt,Offline
STORE_000971,"Gonzalez, Johns and Lindsey",West Brian,Somalia,Offline
STORE_000972,"Landry, Larson and Wood",Port Bailey,Botswana,Offline
STORE_000973,Mccall and Sons,East Angela,Bolivia,Offline
STORE_000974,"Buchanan, Curry and Davis",South Paul,United States of America,Offline
STORE_000975,Hall Ltd,Jacobfurt,Turks and Caicos Islands,Offline
STORE_000976,Ramsey LLC,East Lauren,Niger,Offline
STORE_000977,Burgess LLC,Port Barbaraville,South Georgia and the South Sandwich Islands,Offline
STORE_000978,"Chambers, Thomas and Parker",New Josephhaven,Portugal,Offline
STORE_000979,"Wilson, Mercado and Walker",North Anita,Cook Islands,Offline
STORE_000980,Richards-Webb,Jefferyville,Oman,Offline
STORE_000981,Riley-Turner,South Edward,Russian Federation,Offline
STORE_000982,Rivera-Park,Port Royfurt,Bouvet Island (Bouvetoya),Offline
STORE_000983,Jacobs-Wood,Chenside,Kenya,Offline
STORE_000984,Chapman-Lee,Brendatown,Belgium,Online
STORE_000985,Smith and Sons,East Bradleystad,Croatia,Online
STORE_000986,Keith-Gates,Boydport,Antarctica (the territory South of 60 deg S),Offline
STORE_000987,"Bishop, Le and Harris",Christopherfurt,Norfolk Island,Offline
STORE_000988,Butler-Smith,South Davidberg,Mozambique,Offline
STORE_000989,Jackson and Sons,Reeseborough,Svalbard & Jan Mayen Islands,Online
STORE_000990,Miller-Turner,West Thomas,Netherlands Antilles,Offline
STORE_000991,Valdez-Mejia,Lake Stephen,Germany,Online
STORE_000992,Gordon-Berger,Susanhaven,Liberia,Online
STORE_000993,Zavala-Bentley,Autumnborough,Sri Lanka,Offline
STORE_000994,"Jordan, King and Patterson",South Francis,Belgium,Offline
STORE_000995,"Hernandez, Adams and Wilson",Connerfort,Jersey,Offline
STORE_000996,"Johnston, Brooks and Adams",South Michael,Moldova,Offline
STORE_000997,"James, Cisneros and Stanley",West Sandratown,Cambodia,Offline
STORE_000998,"Powers, Stanley and Gutierrez",Leefort,France,Online
STORE_000999,Vasquez Inc,South Stephanieshire,Pakistan,Online
STORE_001000,Knight Ltd,Port Michelle,Maldives,Offline
